{
    "intents": [{
            "tag": "greeting",
            "patterns": ["hello", "hi", "hey", "wake up", "zara", "are you there?"

            ],
            "responses": ["Hello sir", "how are you sir.", "Always for you sir!", "Here's your assistant"

            ]
        },
        {
            "tag": "bye",
            "patterns": ["bye", "good bye", "see you later", "sleep", "exit"

            ],
            "responses": ["Bye", "I am going", "It will be nice to meet you again", "See you later"

            ]
        },
        {
            "tag": "health",
            "patterns": ["how are you", "how you are", "are you fine?", "are you good", "are you alright"

            ],
            "responses": ["fine", "Perfect", "Cool", "are you fine ? i am fine."

            ]
        }
    ]
}